7200223,"ADAILTON DE OLIVEIRA LIMA","AJUDANTE DE ELETRICISTA I","Escala - Produção",Manutenção,"Cruzeiro do Sul",09/04/2024,
00013,"ADEJAMERSON SILVA DE SOUZA","Analista de logistica e rotas","Escala - Produção",Manutenção,"Cruzeiro do Sul",09/12/2021,
300039,"ADIEL DO NASCIMENTO LEITE","AUXILIAR DE ALMOXARIFE","Escala - Produção",PRODUÇÃO,Goiânia,03/06/2024,
7200203,"ADISSON DE ALENCAR COUTO","Eletricista Nivel I","Escala - Produção",Manutenção,"Cruzeiro do Sul",09/04/2024,
00191,"ADRIANO JOSE DE LIMA","Eletricista Nivel II","Escala - Produção",Manutenção,"Cruzeiro do Sul",01/11/2023,
1500127,"ADRIANO RODRIGUES DA SILVA","Ajudante de Eletricista I","Escala - Produção",Manutenção,"Sena Madureira",02/09/2024,
00171,"AILSON DA SILVA SOUZA","Eletricista l","Escala - Produção",Manutenção,"Cruzeiro do Sul",16/06/2023,
340057,"AIWO IKPENG","Ajudante de Eletricista II","Escala - Produção",PRODUÇÃO,"Querência MT",01/12/2023,
1500090,"ALCIMAR SILVA DOS SANTOS","Ajudante de Eletricista I","Escala - Produção",Manutenção,"Sena Madureira",17/05/2024,
1500029,"ALESSANDRO MUNIZ VIEIRA","Analista de Logistica e Rotas","Escala - Produção",Manutenção,"Sena Madureira",11/09/2023,
7200311,"ALEX SAMUEL CARNEIRO DA SILVA","ELETRICISTA I","Escala - Produção",Manutenção,"Cruzeiro do Sul",04/07/2024,
7200224,"ALEXANDRE BARBOSA DA SILVA","AJUDANTE DE ELETRICISTA I","Escala - Produção",Manutenção,"Cruzeiro do Sul",09/04/2024,
1500037,"ALLEF CASTRO DE LIMA","Ajudante de Eletricista II","Escala - Produção",Manutenção,"Sena Madureira",16/10/2023,
1500002,"ALMICELIO SANTIAGO SILVA","ELETRICISTA III","Escala - Produção",Manutenção,"Sena Madureira",01/08/2023,
3400115,"ALVARO PAIXAO GAIA","ELETRICISTA II","Escala - Produção",PRODUÇÃO,"Querência MT",20/06/2024,
7200292,"ANA BEATRIZ PEPES DE CASTRO","AUXILIAR ADMINISTRATIVO","Escala - Administrativo",Administrativo,"Cruzeiro do Sul",15/05/2024,
150025,"ANA CAROLINA MENINI DINIZ","Supervisor Administrativo","Escala - Administrativo",Administrativo,"Sena Madureira",01/09/2023,
00007,"ANDERSON DO NASCIMENTO CRUZ","Tec. Seg.","Escala - Administrativo",Administrativo,"Cruzeiro do Sul",01/12/2021,
00169,"ANDERSON MACIEL LIMA","Eletricista Nivel I","Escala - Produção",Manutenção,"Cruzeiro do Sul",16/06/2023,
00140,"ANDRE BEZERRA DE OLIVEIRA","Supervisor Administrativo I","Escala - Administrativo",Administrativo,"Cruzeiro do Sul",01/06/2023,
7200307,"ANDRE CARLOS BORGES MORAES","Ajudante de Eletricista Nivel  ll","Escala - Produção",Manutenção,"Cruzeiro do Sul",10/06/2024,
00016,"ANGELO LICARD CANDIDO DE MATOS","Aux. de Compras","Escala - Administrativo GYN",Administrativo,Goiânia,03/06/2023,
7200252,"ANTONIO ALDEVANIR FERREIRA","AJUDANTE DE ELETRICISTA I","Escala - Produção",Manutenção,"Cruzeiro do Sul",10/04/2024,
00055,"ANTONIO FELIPE SANTOS SILVA","Ajudante de Eletricista Nivel  ll","Escala - Produção",Manutenção,"Cruzeiro do Sul",15/06/2023,
0033,"ANTONIO ISAQUE DA ROCHA GASPAR","ELETRICISTA II","Escala - Produção",,"Sena Madureira",24/01/2019,
7200204,"ANTONIO MARCOS GOMES FARIAS","Eletricista Nivel I","Escala - Produção",Manutenção,"Cruzeiro do Sul",09/04/2024,
1500041,"ANTONIO MENDONÇA DA CRUZ","MOTORISTA DE CAMINHÃO","Escala - Administrativo",Manutenção,"Sena Madureira",14/12/2023,
7200270,"ANTONIO SAMPAIO DA SILVA","AJUDANTE DE ELETRICISTA I","Escala - Produção",Manutenção,"Cruzeiro do Sul",09/05/2024,
10008,"ANTONIO VASCO DE SANTANA","Eletricista I","Escala - Produção",PRODUÇÃO,Goiânia,05/06/2023,
340054,"ARI KAYABI","Ajudante de Eletricista II","Escala - Produção",Manutenção,"Querência MT",06/11/2023,
00002,"ARIADNE PEPES DE LIMA","Assist. Administrativa I","Escala - Administrativo",Administrativo,"Cruzeiro do Sul",16/11/2021,
7200227,"ARINO RIBEIRO BARBOSA","AJUDANTE DE ELETRICISTA I","Escala - Produção",Manutenção,"Cruzeiro do Sul",09/04/2024,
00034,"ARISSON SILVA DE SOUZA","Eletricista Nivel II","Escala - Produção",Manutenção,"Cruzeiro do Sul",10/03/2022,
3400111,"BEPKRA MEKRAGNOTIRE","ajudante de eletricista II","Escala - Produção",PRODUÇÃO,"Querência MT",03/06/2024,
00032,"BISMAR NASCIMENTO FIRMINO","Ajudante de eletricista III","Escala - Produção",Manutenção,"Cruzeiro do Sul",02/05/2023,
3400133,"BRENDO RODRIGUES BENTO","Analista de logistica e rotas","Escala - Administrativo",Administrativo,"Querência MT",02/09/2024,
340009,"CARLOS ALBERTO BERNARNDES AMADOR","Eletricista I","Escala - Produção",PRODUÇÃO,"Querência MT",15/06/2023,
7200254,"CARLOS ANTONIO SANTOS FERREIRA","AJUDANTE DE ELETRICISTA I","Escala - Produção",Manutenção,"Cruzeiro do Sul",10/04/2024,
340079,"CIRIO RIBEIRO SOARES DA COSTA","Eletricista I","Escala - Produção",PRODUÇÃO,"Querência MT",01/02/2024,
7200228,"CLAIVER CORREIA DA SILVA","AJUDANTE DE ELETRICISTA I","Escala - Produção",Manutenção,"Cruzeiro do Sul",09/04/2024,
00154,"CRISTHIAN DA SILVA RIBEIRO","Eletricista Nivel II","Escala - Produção",Manutenção,"Cruzeiro do Sul",15/06/2023,
7200206,"DANIEL VASCONCELOS MARTINS","Eletricista Nivel I","Escala - Produção",Manutenção,"Cruzeiro do Sul",09/04/2024,
1500089,"DEJAIR SOUZA DA ROCHA FERREIRA","ELETRICISTA I","Escala - Produção",Manutenção,"Sena Madureira",17/05/2024,
00037,"DEJESUS DA SILVA MAIA","Eletricista Nivel II","Escala - Produção",Manutenção,"Cruzeiro do Sul",10/03/2022,
3400114,"DIEGO MORAES DE ANDRADE","ELETRICISTA II","Escala - Produção",,"Querência MT",20/06/2024,
7200290,"DIELISON CASTELO DA CUNHA","ELETRICISTA I","Escala - Produção",Manutenção,"Cruzeiro do Sul",09/05/2024,
1500104,"DIELSON JOSE COSMIRO DE SOUZA","ELETRICISTA I","Escala - Produção",Manutenção,"Sena Madureira",05/06/2024,
7200253,"DIOLENON LIMA DA SILVA","AJUDANTE DE ELETRICISTA I","Escala - Produção",Manutenção,"Cruzeiro do Sul",10/04/2024,
1500060,"DORIVAL PEREIRA LEITÃO","SUPERVISOR DE ALMOXARIFADO","Escala - Produção",PRODUÇÃO,"Sena Madureira",02/05/2024,
3400137,"DOUGLAS KEVEN RODRIGUES DOS SANTOS","MOTORISTA DE CARRO LEVE",,PRODUÇÃO,"Querência MT",02/05/2025,
00180,"EDELSON MIGUEL DE MOURA","Eletricista Nivel II","Escala - Administrativo",Manutenção,"Cruzeiro do Sul",11/09/2023,
7200330,"EDESSON LIMA GOMES","AJUDANTE DE ELETRICISTA I","Escala - Produção",Manutenção,"Cruzeiro do Sul",22/07/2024,
7200295,"EDMILSON DE SÁ LIMA","ELETRICISTA I","Escala - Produção",Manutenção,"Cruzeiro do Sul",15/05/2024,
1500114,"EDSON DE ALMEIDA SANTOS","Auxiliar de Logistica","Escala - Administrativo",Manutenção,"Sena Madureira",01/08/2024,
3400134,"ELDER BUSNELLO","ajudante de eletricista II","Escala - Produção",Manutenção,"Querência MT",05/11/2024,
1500035,"ELIAS FELIPE DE SOUZA","ELETRICISTA II","Escala - Produção",Manutenção,"Sena Madureira",10/10/2023,
00081,"ELIEL OLIVEIRA BARBOSA",Comprador,"Escala - Administrativo GYN",Administrativo,"Goiânia - Querência MT",20/10/2021,
00141,"ELISSANDRA CHALUB DE ARAUJO","Assistente de RH","Escala - Administrativo",Administrativo,"Cruzeiro do Sul",08/06/2023,
1500006,"ELIVANDRO DE SOUZA BARBOSA","ELETRICISTA II","Escala - Produção",Manutenção,"Sena Madureira",01/08/2023,
7200288,"ELOI DA SILVA SOARES","ASSISTENTE ADMINISTRATIVO","Escala - Administrativo",Administrativo,"Cruzeiro do Sul",15/05/2024,
7200256,"EMERSON DA SILVA AMORIM","Ajudante de eletricista l","Escala - Produção",Manutenção,"Cruzeiro do Sul",09/05/2024,
340013,"ENISON DE SOUSA LIRA","Eletricista I","Escala - Produção",PRODUÇÃO,"Querência MT",15/06/2023,
1500120,"ERIK PINHEIRO GUEDES","ELETRICISTA I","Escala - Produção",Manutenção,"Sena Madureira",02/09/2024,
7200208,"ERISSON CARLOS DE OLIVEIRA FONSECA","Eletricista Nivel I","Escala - Produção",Manutenção,"Cruzeiro do Sul",09/04/2024,
7200276,"ERLANDIO MATOS BEZERRA","Ajudante de eletricista l","Escala - Produção",Manutenção,"Cruzeiro do Sul",09/05/2024,
7200209,"EULER GOMES DE OLIVEIRA","Eletricista Nivel I","Escala - Produção",Manutenção,"Cruzeiro do Sul",09/04/2024,
7200289,"EVANIDO DA SILVA SANTANA","Eletricista Nivel I","Escala - Produção",Manutenção,"Cruzeiro do Sul",15/05/2024,
10020,"EVERSON ALMEIDA DE SOUZA",MOTORISTA,"Escala - Administrativo",Administrativo,Goiânia,03/08/2023,
3400113,"EWERTON LUIS RODRIGUES COSTA SILVA","ELETRICISTA II","Escala - Produção",PRODUÇÃO,"Querência MT",20/06/2024,
340080,"EZIEL DA CONCEIÇÃO VINAGRE","Eletricista I","Escala - Produção",PRODUÇÃO,"Querência MT",01/02/2024,
00028,"Emerson Alves da Fonseca","Eletricista Nivel ll","Escala - Produção",Manutenção,"Cruzeiro do Sul",27/12/2021,
00048,"Esia Vieira de Freitas","Tec. Seg.","Escala - Administrativo",Administrativo,"Cruzeiro do Sul",02/09/2024,
7200312,"FELIPE CASTELO BRANCO DA SILVA","ELETRICISTA I","Escala - Produção",Manutenção,"Cruzeiro do Sul",04/07/2024,
00006,"FELIPE COELHO DUARTE",Almoxarife,"Escala - Administrativo GYN",PRODUÇÃO,Goiânia,05/06/2023,
340083,"FELIPE SILVA NEVES",ELETRICISTA,"Escala - Produção",Instalação,"Querência MT",17/02/2025,
00187,"FERNANDO HENRIQUE SOUZA SILVA","Auxiliar Administrativo","Escala - Administrativo",Manutenção,"Cruzeiro do Sul",01/11/2023,
1500122,"FRANCISCO AIRTON PEREIRA MESQUITA","Ajudante de Eletricista I","Escala - Produção",Manutenção,"Sena Madureira",02/09/2024,
7200246,"FRANCISCO ANDERSON LIMA DA SILVA","ELETRICISTA I","Escala - Produção",Manutenção,"Cruzeiro do Sul",10/04/2024,
1500130,"FRANCISCO DE ASSIS RODRIGUES MARTINS","Eletricista ll","Escala - Produção",Manutenção,"Sena Madureira",01/02/2023,
7200340,"FRANCISCO ERIQUE OLIVEIRA DOS SANTOS","TECNICO SEGURANÇA NO TRABALHO","Escala - Administrativo",Manutenção,"Cruzeiro do Sul",07/04/2025,
1500125,"FRANCISCO IZAEL LUZ DE FREITAS","Ajudante de Eletricista I","Escala - Produção",Manutenção,"Sena Madureira",02/09/2024,
7200324,"FRANCISCO RONEILSON XAVIER DOS SANTOS","AJUDANTE DE ELETRICISTA I","Escala - Produção",Manutenção,"Sena Madureira",04/07/2024,
7200263,"FRANCISCO ROZENILDO DA SILVA RIBEIRO","MOTORISTA DE CARROS LEVES","Escala - Produção",Manutenção,"Cruzeiro do Sul",09/05/2024,
1500116,"FRANCISCO SOUZA DA ROCHA","Ajudante de Eletricista I","Escala - Produção",Manutenção,"Sena Madureira",16/08/2024,
1500126,"Felipe da Cunha Lira","Ajudante de Eletricista I","Escala - Produção",Manutenção,"Sena Madureira",02/09/2024,
00197,"Francisco Benedito Santos Silva","Tec. de Segurança","Escala - Administrativo",Manutenção,"Cruzeiro do Sul",16/11/2023,
00089,"Francisco Souza da Silva","Ajudante de Eletricista Nivel  ll","Escala - Produção",Manutenção,"Cruzeiro do Sul",02/06/2022,
300040,"GABRIELLA FERNANDA BRUNO BANDEIRA","ASSISTENTE DE ENGENHARIA","Escala - Administrativo GYN",Administrativo,Goiânia,04/06/2024,
7200234,"GEAN ROCHA BRANDÃO","AJUDANTE DE ELETRICISTA I","Escala - Produção",Manutenção,"Cruzeiro do Sul",09/04/2024,
340059,"GEORQUI PATRÍCIO SANTOS DA SILVA","Eletricista I","Escala - Produção",PRODUÇÃO,"Querência MT",18/12/2023,
7200301,"GERALDO MACIEL GOMES","AJUDANTE DE ELETRICISTA I","Escala - Produção",Manutenção,"Cruzeiro do Sul",04/06/2024,
1500070,"GERSANDRO VASQUES DE LIMA","Ajudante de Eletricista II","Escala - Produção",Manutenção,"Sena Madureira",07/05/2024,
1500031,"GERSILEUDO COSTA DE SOUZA","Ajudante de Eletricista II","Escala - Produção",Manutenção,"Sena Madureira",02/10/2023,
340015,"GERSON DIAS DA SILVA","Ajudante de Eletricista II","Escala - Produção",PRODUÇÃO,"Querência MT",15/06/2023,
340016,"GERSON GOLÇAVES DIAS",,,0,,01/02/2021,
00184,"Genilson Mendes de Moura",Eletrotecnico,"Escala - Produção",Manutenção,"Cruzeiro do Sul",02/10/2023,
00056,"Gerlanio Ferreira Pinheiro",Almoxarife,"Escala - Administrativo",Administrativo,"Cruzeiro do Sul",07/04/2022,
00087,"HELY RIBEIRO MENEZES","Ass. de Compras","Escala - Administrativo",Administrativo,Goiânia,11/06/2022,
00010,"HYWRE SENA DA SILVA","Aux. de Produção","Escala - Produção",PRODUÇÃO,Goiânia,19/06/2023,
1500128,"IARLEY VINICIUS DA SILVA LIMA","Ajudante de Eletricista I","Escala - Produção",Manutenção,"Sena Madureira",02/09/2024,
1500087,"IDELMAR FREIRES","Ajudante de Eletricista I","Escala - Produção",Manutenção,"Sena Madureira",09/05/2024,
1500052,"IGOR ARAUJO DE ANDRADE","Ajudante de Eletricista II","Escala - Produção",Manutenção,"Sena Madureira",19/04/2024,
7200293,"ILTOMARCOS GOMES NERI","Supervisor Administrativo","Escala - Administrativo",Manutenção,"Cruzeiro do Sul",15/05/2024,
7200296,"ISABELE LEITE ABREU","AUXILIAR ADMINISTRATIVO","Escala - Administrativo",Administrativo,"Cruzeiro do Sul",15/05/2024,
7200297,"ISAIAS MOREIRA DA SILVA","AJUDANTE DE ELETRICISTA I","Escala - Produção",Manutenção,"Cruzeiro do Sul",04/06/2024,
00094,"IVAN DARIO DA COSTA LIMA","Supervisor Operacional","Escala - Administrativo",Administrativo,"Sena Madureira",03/06/2022,
00035,"IVANILSON DE ANDRADE SILVA","Eletricista Nivel III","Escala - Produção",Manutenção,"Cruzeiro do Sul",09/03/2022,
1500036,"IZAIAS MOURA DA SILVA","Ajudante de Eletricista II","Escala - Produção",Manutenção,"Sena Madureira",16/10/2023,
00053,"IZAQUEU GOMES DE LIMA","Ajudante de eletricista III","Escala - Produção",Manutenção,"Cruzeiro do Sul",01/06/2023,
00188,"Ismael da Rocha Silva","Eletricista Nivel II","Escala - Produção",Manutenção,"Cruzeiro do Sul",01/11/2023,
1500088,"JAILSON NASCIMENTO ALVES","Ajudante de Eletricista I","Escala - Produção",Manutenção,"Sena Madureira",13/05/2024,
7200244,"JAIROSSAN BATISTA MARTINS","ELETRICISTA I","Escala - Produção",Manutenção,"Cruzeiro do Sul",10/04/2024,
7200230,"JAMESSON DO NASCIMENTO RIBEIRO",ALMOXARIFE,"Escala - Administrativo",Manutenção,"Cruzeiro do Sul",09/04/2024,
7200321,"JAMILSON MARTINS DA SILVA","ELETRICISTA I","Escala - Produção",Manutenção,"Cruzeiro do Sul",04/07/2024,
00198,"JARDESSON SILVA COSTA","Ajudante de Eletricista Nivel I","Escala - Produção",Manutenção,"Cruzeiro do Sul",20/11/2023,
7200326,"JEAN DA COSTA SILVA","Ajudante de eletricista l","Escala - Produção",Manutenção,"Cruzeiro do Sul",15/07/2024,
7200235,"JEFERSON NEPOMUCENO RODRIGUES","AJUDANTE DE ELETRICISTA I","Escala - Produção",Manutenção,"Cruzeiro do Sul",09/04/2024,
10019,"JEFERSSON TELES LIMA","ENCARREGADO DE ELETRICA","Escala - Produção",PRODUÇÃO,Goiânia,17/07/2023,
00179,"JEFFERSON CORDEIRO MAIA","Supervisor Administrativo","Escala - Administrativo",Administrativo,"Cruzeiro do Sul",18/07/2023,
340047,"JEFFERSON ROCHA SANTOS DE JESUS","Técnico de TI","Escala - Administrativo",Administrativo,"Querência MT",16/10/2023,
340096,"JERRETI EANES DAVID CORREA","ajudante de eletricista I","Escala - Produção",PRODUÇÃO,"Querência MT",03/06/2024,
7200267,"JESINALDO COSTA DE OLIVEIRA","AJUDANTE DE ELETRICISTA I","Escala - Produção",Manutenção,"Cruzeiro do Sul",09/05/2024,
00041,"JESSIKA RODRIGUES DE SOUSA","ASSISTENTE DE ENGENHARIA","Escala - Administrativo GYN",Administrativo,Goiânia,04/06/2024,
1500111,"JOAO PINTO DA SILVA FILHO","Tec. Segurança do Trabalho","Escala - Administrativo",Administrativo,"Sena Madureira",20/06/2024,
7200314,"JOAO ROMARIO TELES DE LIMA","ELETRICISTA I","Escala - Produção",Manutenção,"Cruzeiro do Sul",04/07/2024,
7200331,"JOAO VICTOR PESSOA DE AQUINO","AJUDANTE DE ELETRICISTA I","Escala - Produção",Manutenção,"Cruzeiro do Sul",22/07/2024,
7200275,"JOELITON CERQUEIRA DA SILVA","AJUDANTE DE ELETRICISTA I","Escala - Produção",Manutenção,"Cruzeiro do Sul",09/05/2024,
5300022,"JOELTON ALVES FERREIRA SILVA","AUX. PRODUÇÃO","Escala - Produção",PRODUÇÃO,Goiânia,13/11/2023,
300024,"JOHN EVERTON LIMA FRANCO",ELETRICISTA,"Escala - Produção",PRODUÇÃO,Goiânia,15/01/2024,
7200236,"JOHNATAN SILVA BATISTA","AJUDANTE DE ELETRICISTA I","Escala - Produção",Manutenção,"Cruzeiro do Sul",09/04/2024,
7200212,"JONAS DE PAIVA SILVA","Eletricista Nivel I","Escala - Produção",Manutenção,"Cruzeiro do Sul",09/04/2024,
7200200,"JONATHAN DA SILVA CUNHA","Auxiliar Administrativo","Escala - Administrativo",Administrativo,"Cruzeiro do Sul",01/04/2024,
00167,"JOSE ALAILTON COSTA DA SILVA","Auxiliar Administrativo","Escala - Administrativo",Manutenção,"Cruzeiro do Sul",16/06/2023,
1500044,"JOSE ALBERTO FIGUEIREDO DA COSTA","Ajudante de Eletricista II","Escala - Produção",Manutenção,"Sena Madureira",10/01/2024,
7200248,"JOSE ALDAIR SILVA DE ARAUJO","AJUDANTE DE ELETRICISTA I","Escala - Produção",Manutenção,"Cruzeiro do Sul",10/04/2024,
0022,"JOSE ANDERSON DA CRUZ MARTINS",,,,,21/08/2023,
00162,"JOSE CORDEIRO BATISTA","Eletricista Nivel I","Escala - Produção",Manutenção,"Cruzeiro do Sul",15/06/2023,
7200201,"JOSE CORREIA DOS SANTOS NETO","Analista de logistica e rotas","Escala - Produção",Manutenção,"Cruzeiro do Sul",04/04/2024,
1500081,"JOSE EDUARDO MENDES DE SOUZA","Ajudante de Eletricista II","Escala - Produção",Manutenção,"Sena Madureira",08/05/2024,
00068,"JOSE ERIVALDO COSTA DOS SANTOS","Eletricista Nivel II","Escala - Administrativo",Manutenção,"Cruzeiro do Sul",02/05/2022,
340021,"JOSE FERNANDO DOS SANTOS REMEDIOS","Ajudante de Eletricista II","Escala - Produção",PRODUÇÃO,"Querência MT",16/06/2023,
00015,"JOSE FRANCISCO ALVES DA SILVA","Eletricista Nivel III","Escala - Administrativo",Manutenção,"Cruzeiro do Sul",09/12/2021,
7200237,"JOSE FRANCISCO FERREIRA DE OLIVEIRA","AJUDANTE DE ELETRICISTA I","Escala - Produção",Manutenção,"Cruzeiro do Sul",09/04/2024,
00151,"JOSE FRANCISCO NASCIMENTO DE SOUZA","Analista de logistica e rotas","Escala - Produção",Manutenção,"Cruzeiro do Sul",15/06/2023,
7200247,"JOSE FRANCISCO SILVA DA COSTA","Eletricista Nivel I","Escala - Produção",Manutenção,"Cruzeiro do Sul",10/04/2024,
00008,"JOSE JERI DA SILVA FERREIRA","Ajudante de eletricista III","Escala - Produção",Manutenção,"Cruzeiro do Sul",02/05/2022,
7200308,"JOSE MARIA DE SOUZA SAMPAIO","AUXILIAR ADMINISTRATIVO","Escala - Administrativo",Manutenção,"Cruzeiro do Sul",04/06/2024,
3400104,"JOSE ROMARIO LIMA BARROSO","ASSISTENTE ADMINISTRATIVO","Escala - Administrativo",Administrativo,"Querência MT",03/06/2024,
340024,"JOSENILCE SANTOS DOS REMEDIOS","ajudante de eletricista II","Escala - Produção",PRODUÇÃO,"Querência MT",29/07/2023,
340075,"JOSENILDA DE OLIVEIRA SILVA","Serviços Gerais","Escala - Administrativo",Administrativo,"Querência MT",08/01/2024,
1500123,"JOSEVALDO DOS SANTOS LIMA","Ajudante de eletricista ll","Escala - Produção",Manutenção,"Sena Madureira",09/11/2022,
7200241,"JOSIMAR DA SILVA ALENCAR","AJUDANTE DE ELETRICISTA I","Escala - Produção",Manutenção,"Cruzeiro do Sul",09/04/2024,
00194,"JOSUE DOS SANTOS LIMA","Ajudante de Eletricista Nivel II","Escala - Produção",Manutenção,"Cruzeiro do Sul",01/11/2023,
1500022,"JOSÉ ANDERSON DA CRUZ MARTINS","ELETRICISTA II","Escala - Produção",Manutenção,"Sena Madureira",21/08/2023,
1500059,"JOSÉ NOGUEIRA DA PASCOA","ELETRICISTA II","Escala - Produção",Manutenção,"Sena Madureira",02/05/2024,
1500040,"JOSÉ VITOR OLIVEIRA DA ROCHA","Auxiliar de Produção II","Escala - Produção",PRODUÇÃO,"Sena Madureira",16/11/2023,
7200337,"JOÃO LUCAS OLIVEIRA DE SOUZA","AUX TEC INFORMÁTICA","Escala - Administrativo",Manutenção,"Cruzeiro do Sul",10/02/2025,
00131,"JUAN VICTOR LOBAO DOS REIS","Téc em informática","Escala - Administrativo",Administrativo,"Cruzeiro do Sul",01/02/2023,
340025,"JULIO CEZAR SOUZA DE NAZARE","Eletricista I","Escala - Produção",,"Querência MT",15/06/2023,
10006,"JURANDIR FRANCISCO DE ALMEIDA","Aux. de Produção","Escala - Produção",PRODUÇÃO,Goiânia,05/06/2023,
00112,"Josenia Lacerda Lima","Analista de logistica e rotas","Escala - Produção",Manutenção,"Sena Madureira",27/06/2022,
1500119,"KAUA VICTOR TANAZOA COSTA","Ajudante de Eletricista I","Escala - Produção",Manutenção,"Sena Madureira",16/08/2024,
7200316,"KEVEN SILVA ROCHA","ELETRICISTA I","Escala - Produção",Manutenção,"Sena Madureira",04/07/2024,
340051,"KUAYWU KAYABI","Ajudante de Eletricista II","Escala - Produção",PRODUÇÃO,"Querência MT",06/11/2023,
00009,"LAERCIO BANDEIRA RIBEIRO","Eletricista Nivel II","Escala - Produção",Manutenção,"Cruzeiro do Sul",12/07/2023,
7200220,"LEONARDO LIMA BEZERRA","ELETRICISTA I","Escala - Produção",Manutenção,"Cruzeiro do Sul",09/04/2024,
0021,"LEONICE DE OLIVEIRA RODRIGUES","Serviços Gerais","Escala - Administrativo",Administrativo,"Sena Madureira",18/08/2023,
00011,"LINDOMAR CASTRO BARBOSA","Aux. Produção","Escala - Produção",PRODUÇÃO,Goiânia,05/06/2023,
340061,"LUAN FERREIRA DE ATAIDE","Eletricista I","Escala - Produção",Manutenção,"Querência MT",18/12/2023,
00109,"LUCAS EDUARDO CARVALHO SILVA","Eletricista Nivel II","Escala - Administrativo",Manutenção,"Cruzeiro do Sul",27/06/2022,
340099,"LUIS FELIPE BRITO OLIVEIRA","ajudante de eletricista I","Escala - Produção",PRODUÇÃO,"Querência MT",03/06/2024,
1500112,"LUIS FERNANDO REZENDE GONDIM","Auxiliar de Almoxarife","Escala - Produção",Administrativo,"Sena Madureira",01/07/2024,
00096,"LUIZ FERNANDO DO NASCIMENTO SILVA","Eletricista Nivel III","Escala - Produção",Manutenção,"Cruzeiro do Sul",09/06/2022,
00063,"Lucas Costa Bezerra","Supervisor Operacinal","Escala - Administrativo",Administrativo,"Sena Madureira",19/04/2022,
7200211,"MADSON FREIRE DA SILVA","Eletricista Nivel I","Escala - Produção",Manutenção,"Cruzeiro do Sul",09/04/2024,
00174,"MAGNO CASTRO ALMEIDA","Eletricista Nivel II","Escala - Administrativo",Manutenção,"Cruzeiro do Sul",16/06/2023,
7200317,"MAICON DE SOUZA SILVA","ELETRICISTA I","Escala - Produção",Manutenção,"Cruzeiro do Sul",04/07/2024,
00120,"MANOEL BARROS DE MIRANDA","Ajudante de Eletricista Nivel  ll","Escala - Administrativo",Manutenção,"Cruzeiro do Sul",25/08/2022,
1500084,"MANOEL DO NASCIMENTO LEMOS","ELETRICISTA I","Escala - Produção",Manutenção,"Sena Madureira",09/05/2024,
7200285,"MANUEL FIRMO DOS SANTOS NETO","AJUDANTE DE ELETRICISTA I","Escala - Produção",Manutenção,"Cruzeiro do Sul",09/05/2024,
7200269,"MARCOS CABRAL DE SOUZA","ANALISTA DE LOGISTICA E ROTAS","Escala - Administrativo",Manutenção,"Cruzeiro do Sul",09/05/2024,
7200215,"MARCOS DA SILVA LIMA","ELETRICISTA I","Escala - Produção",Manutenção,"Cruzeiro do Sul",09/04/2024,
7200222,"MARCOS EDUARDO MIRANDA DA SILVA","ELETRICISTA I","Escala - Produção",Manutenção,"Cruzeiro do Sul",09/04/2024,
5300045,"MARCOS ROBERTO RIBEIRO DIAS","ASSISTENTE DE ENGENHARIA III","Escala - Administrativo GYN",Administrativo,Goiânia,15/08/2024,
1500086,"MARCOS VINICIUS BRITO DE CARVALHO","Ajudante de Eletricista II","Escala - Produção",Manutenção,"Sena Madureira",13/05/2024,
00004,"MARYELLY FERREIRA DE OLIVEIRA","Ass. de Engenharia","Escala - Administrativo GYN",Administrativo,Goiânia,05/06/2023,
00070,"MATEUS SILVA NOGUEIRA","Analista de logistica e rotas","Escala - Administrativo",Administrativo,"Cruzeiro do Sul",23/05/2022,
00031,"MATHEUS FELLYPE DA SILVA MIRANDA","OPERADOR DE MAQUINAS PESADAS III","Escala - Produção",PRODUÇÃO,Goiânia,01/04/2024,
00043,"MAURI DA SILVA","Ajudante de eletricista II","Escala - Produção",Manutenção,"Cruzeiro do Sul",01/06/2023,
340031,"MAURICIO SANTANA DE LIMA","ajudante de eletricista II","Escala - Produção",PRODUÇÃO,"Querência MT",15/06/2023,
3400138,"MESSIHAS ALANN CURVINA BARBACENA",Almoxarife,,Administrativo,"Querência MT",02/05/2025,
7200329,"MIGUEL SILVA DOS SANTOS","AJUDANTE DE ELETRICISTA I","Escala - Produção",Manutenção,"Cruzeiro do Sul",22/07/2024,
00044,"MIQUEIAS CARDOSO DUARTE","TECNICO EM INFORMATICA","Escala - Administrativo GYN",Administrativo,Goiânia,14/08/2024,
00092,"MISAEL MARTINS DA SILVA","Analista de logistica e rotas","Escala - Produção",Manutenção,"Cruzeiro do Sul",03/06/2022,
7200310,"ODALINO SILVA REBOUÇAS","AJUDANTE DE ELETRICISTA I","Escala - Produção",Manutenção,"Cruzeiro do Sul",10/06/2024,
340032,"ORIVALDO CONCEIÇÃO FIGUEIREDO","ajudante de eletricista II","Escala - Produção",0,"Querência MT",30/01/2017,
00108,"ORLENILSON DE SENA OLIVEIRA","Eletricista Nivel II","Escala - Produção",Manutenção,"Cruzeiro do Sul",15/06/2023,
300043,"PABLO ANDRE DOS SANTOS","TECNICO EM SEGURANÇA DO TRABALHO","Escala - Produção",PRODUÇÃO,Goiânia,10/07/2024,
300037,"PAULO CESAR DE MATOS DOURADO",,"Escala - Produção",PRODUÇÃO,Goiânia,02/05/2024,
00172,"PAULO DE SOUZA LIMA","Eletricista Nivel II","Escala - Produção",Manutenção,"Cruzeiro do Sul",16/06/2023,
1500159,"PAULO FERNANDO DA SILVA FERNANDES","Eletricista II","Escala - Produção",Manutenção,"Sena Madureira",15/06/2023,
10002,"PEROLLA LOUISE AMARAL MELO","Supervisor(a) de Contas a pagar e receber","Escala - Administrativo GYN",Administrativo,Goiânia,23/05/2023,
00045,"Paulo Barboza de Queiroz","Eletricista Nivel II","Escala - Produção",Manutenção,"Cruzeiro do Sul",15/03/2022,
00193,"QUESCI DIONE FRANÇA SANTOS","Ajudante de Eletricista Nivel II","Escala - Produção",Manutenção,"Cruzeiro do Sul",01/11/2023,
00178,"RAIMUNDO NONATO OLIVEIRA FEITOZA","Supervisor Administrativo","Escala - Administrativo",Administrativo,"Cruzeiro do Sul",13/07/2023,
00097,"RAIMUNDO NONATO SABINO PINHEIRO","Eletricista Nivel II","Escala - Produção",Manutenção,"Cruzeiro do Sul",09/06/2022,
00173,"RAIMUNDO TAVEIRA DE OLIVEIRA NETO","Eletricista Nivel II","Escala - Produção",Manutenção,"Cruzeiro do Sul",16/06/2023,
00074,"RAMILDE DOS SANTOS OLIVEIRA JUNIOR","Analista de logistica e rotas","Escala - Administrativo",Manutenção,"Cruzeiro do Sul",01/06/2023,
7200249,"RENILSON SANTOS DE PAULA","Eletricista Nivel I","Escala - Produção",Manutenção,"Cruzeiro do Sul",10/04/2024,
340062,"RICARDO BORGES BRAGA","ajudante de eletricista II","Escala - Produção",PRODUÇÃO,"Querência MT",18/12/2023,
7200265,"RODRIGO CANDIDO DOS SANTOS","ELETRICISTA I","Escala - Produção",Manutenção,"Cruzeiro do Sul",09/05/2024,
7200242,"ROGERIO LIMA DOS SANTOS","AJUDANTE DE ELETRICISTA I","Escala - Produção",Manutenção,"Cruzeiro do Sul",09/04/2024,
1500061,"ROGÉRIO SILVA DE OLIVEIRA","AJUDANTE DE ELETRICISTA I","Escala - Produção",Manutenção,"Sena Madureira",02/05/2024,
00033,"ROMARIO DE SENA OLIVEIRA","Analista de log e rotas","Escala - Administrativo",Manutenção,"Cruzeiro do Sul",10/03/2022,
340073,"RONILDO DO CARMO LIMA","Eletricista I","Escala - Produção",PRODUÇÃO,"Querência MT",19/04/2021,
00115,"ROSANGELA DE SOUZA LOPES","Aux.  De limpeza","Escala - Administrativo",Administrativo,"Cruzeiro do Sul",01/07/2022,
7200319,"RUAN DE SOUZA SILVA","ELETRICISTA I","Escala - Produção",Manutenção,"Cruzeiro do Sul",04/07/2024,
7200284,"RUDHERE SILVA DE OLIVEIRA","Eletricista Nivel I","Escala - Produção",Manutenção,"Cruzeiro do Sul",09/05/2024,
00099,"Roberto de Magalhães Gomes","Eletricista Nivel II","Escala - Produção",Manutenção,"Cruzeiro do Sul",27/06/2022,
7200281,"SAMUEL BARBOSA MAIA","AJUDANTE DE ELETRICISTA I","Escala - Produção",Manutenção,"Cruzeiro do Sul",09/05/2024,
3400140,"SAMUEL BERNARDES AMADOR","AUXILIAR DE ELETRICISTA I",,Manutenção,"Querência MT",02/05/2025,
7200218,"SAMUEL FERREIRA DE OLIVEIRA","OPERADOR DE EMPILHADEIRA","Escala - Administrativo",Manutenção,"Cruzeiro do Sul",09/04/2024,
340037,"SAMUEL GOMES DA COSTA","Eletricista I","Escala - Produção",Instalação,"Querência MT",15/06/2023,
00012,"SAMUEL OSEAS ALVES MOREIRA","Tec. Segurança do Trabalho","Escala - Produção",Administrativo,Goiânia,19/06/2023,
00121,"SAVIO OLIVEIRA DE SOUZA","Eletricista Nivel I","Escala - Produção",Manutenção,"Cruzeiro do Sul",25/08/2022,
1500078,"SIDOMAR DE SOUZA SANTOS","ELETRICISTA I","Escala - Produção",Manutenção,"Sena Madureira",07/05/2024,
7200221,"SOLOINA SILVA QUEIROZ","Auxiliar Administrativo","Escala - Administrativo",Administrativo,"Cruzeiro do Sul",09/04/2024,
00186,"Saiomara Rocha de Jesus","Tec. de Segurança","Escala - Administrativo",Administrativo,"Sena Madureira",09/10/2023,
1500058,"THAINA DE SOUZA ACHAD","Auxiliar Administrativo","Escala - Administrativo",Administrativo,"Sena Madureira",02/05/2024,
300026,"THAINE SANTOS EVELIM DE CARVALHO","SUPERVISORA FISCAL","Escala - Produção",,Goiânia,11/03/2024,
3400136,"THAIS DANIELY SOUZA MESSIAS","ASSISTENTE ADMINISTRATIVO",,Administrativo,"Querência MT",05/05/2025,
300028,"THALITA RODRIGUES DA COSTA","ASSISTENTE DE ENGENHARIA","Escala - Produção",Administrativo,Goiânia,01/04/2024,
3400112,"THIAGO PEREIRA DOS SANTOS","Analista de logistica e rota","Escala - Produção",PRODUÇÃO,"Querência MT",20/06/2024,
00058,"TIAGO SILVA DE MATOS","Eletricista Nivel III","Escala - Administrativo",Manutenção,"Cruzeiro do Sul",13/04/2022,
1500129,"TONIS DA SILVA SILVEIRA","Ajudante de Eletricista I","Escala - Produção",Manutenção,"Sena Madureira",02/09/2024,
3400045,"TOWAYANIN KAYABI","Analista de logistica e rota","Escala - Produção",PRODUÇÃO,"Querência MT",02/10/2023,
00101,"UELERSON SOUZA DA SILVA","Eletricista Nivel II","Escala - Produção",Manutenção,"Cruzeiro do Sul",27/06/2022,
3400139,"VALDECIR MARTINS DE ALMEIDA OLIVEIRA","AUXILIAR DE ELETRICISTA I",,Manutenção,"Querência MT",12/05/2025,
300033,"VICTOR RODRIGUES SOUZA","AUXILIAR DE PRODUÇÃO","Escala - Produção",PRODUÇÃO,Goiânia,01/04/2024,
7200322,"VINICIUS DA ROCHA RODRIGUES","ELETRICISTA I","Escala - Produção",Manutenção,"Sena Madureira",04/07/2024,
00142,"WANDSON SOUZA BEZERRA","Aux. Administrativa","Escala - Administrativo",Administrativo,"Cruzeiro do Sul",08/06/2023,
7200279,"WESLEY LIMA QUEIROZ","AJUDANTE DE ELETRICISTA I","Escala - Produção",Manutenção,"Cruzeiro do Sul",09/05/2024,
1500121,"WIELLYS NASCIMENTO ALVES","ELETRICISTA I","Escala - Produção",Manutenção,"Cruzeiro do Sul",02/09/2024,
00420,"WILLIAM SANTOS OLIVEIRA","AUXILIAR DE PRODUÇÃO","Escala - Produção",PRODUÇÃO,Goiânia,11/06/2024,
00003,"WILLOU BRUNO PEIXOTO","Desenhista Projetista de Construção Civil","Escala - Administrativo GYN",Administrativo,Goiânia,03/12/2024,
00038,"YHESO HELIO DE OLIVEIRA SOUZA ALVES FILHO","AUXILIAR DE PRODUÇÃO","Escala - Produção",PRODUÇÃO,Goiânia,02/05/2024,
